date,commitCount,Repository
2024-03-24,4,meta-llama/llama3
2024-03-31,21,meta-llama/llama3
2024-04-07,3,meta-llama/llama3
2024-04-14,59,meta-llama/llama3
2024-04-21,5,meta-llama/llama3
2024-04-28,1,meta-llama/llama3
2024-05-05,0,meta-llama/llama3
2024-05-12,1,meta-llama/llama3
2024-05-19,4,meta-llama/llama3
2024-05-26,0,meta-llama/llama3
2024-06-02,0,meta-llama/llama3
2024-06-09,0,meta-llama/llama3
2024-06-16,0,meta-llama/llama3
2024-06-23,0,meta-llama/llama3
2024-06-30,0,meta-llama/llama3
2024-07-07,1,meta-llama/llama3
2024-07-14,0,meta-llama/llama3
2024-07-21,2,meta-llama/llama3
2024-07-28,1,meta-llama/llama3
2024-08-04,0,meta-llama/llama3
2024-08-11,0,meta-llama/llama3
2024-08-18,0,meta-llama/llama3
2024-08-25,0,meta-llama/llama3
2024-09-01,0,meta-llama/llama3
2024-09-08,0,meta-llama/llama3
2024-09-15,0,meta-llama/llama3
2024-09-22,0,meta-llama/llama3
2024-09-29,0,meta-llama/llama3
2024-10-06,0,meta-llama/llama3
2024-10-13,0,meta-llama/llama3
2024-10-20,0,meta-llama/llama3
2024-10-27,0,meta-llama/llama3
2024-11-03,0,meta-llama/llama3
2024-11-10,0,meta-llama/llama3
2024-11-17,0,meta-llama/llama3
2024-11-24,0,meta-llama/llama3
2024-12-01,0,meta-llama/llama3
2024-12-08,0,meta-llama/llama3
2024-12-15,0,meta-llama/llama3
2024-12-22,0,meta-llama/llama3
2024-12-29,0,meta-llama/llama3
2025-01-05,0,meta-llama/llama3
2025-01-12,0,meta-llama/llama3
2025-01-19,0,meta-llama/llama3
2025-01-26,1,meta-llama/llama3
2025-02-02,0,meta-llama/llama3
2025-02-09,0,meta-llama/llama3
2025-02-16,0,meta-llama/llama3
2025-02-23,0,meta-llama/llama3
2025-03-02,0,meta-llama/llama3
2025-03-09,0,meta-llama/llama3
2025-03-16,0,meta-llama/llama3
2025-03-23,0,meta-llama/llama3
2025-03-30,0,meta-llama/llama3
2025-04-06,0,meta-llama/llama3
2025-04-13,0,meta-llama/llama3
2025-04-20,0,meta-llama/llama3
2023-06-18,13,ollama/ollama
2023-06-25,124,ollama/ollama
2023-07-02,100,ollama/ollama
2023-07-09,43,ollama/ollama
2023-07-16,120,ollama/ollama
2023-07-23,57,ollama/ollama
2023-07-30,55,ollama/ollama
2023-08-06,82,ollama/ollama
2023-08-13,38,ollama/ollama
2023-08-20,20,ollama/ollama
2023-08-27,17,ollama/ollama
2023-09-03,23,ollama/ollama
2023-09-10,21,ollama/ollama
2023-09-17,45,ollama/ollama
2023-09-24,46,ollama/ollama
2023-10-01,25,ollama/ollama
2023-10-08,46,ollama/ollama
2023-10-15,51,ollama/ollama
2023-10-22,37,ollama/ollama
2023-10-29,40,ollama/ollama
2023-11-05,25,ollama/ollama
2023-11-12,98,ollama/ollama
2023-11-19,61,ollama/ollama
2023-11-26,25,ollama/ollama
2023-12-03,45,ollama/ollama
2023-12-10,36,ollama/ollama
2023-12-17,38,ollama/ollama
2023-12-24,8,ollama/ollama
2023-12-31,38,ollama/ollama
2024-01-07,53,ollama/ollama
2024-01-14,26,ollama/ollama
2024-01-21,38,ollama/ollama
2024-01-28,29,ollama/ollama
2024-02-04,17,ollama/ollama
2024-02-11,35,ollama/ollama
2024-02-18,32,ollama/ollama
2024-02-25,11,ollama/ollama
2024-03-03,36,ollama/ollama
2024-03-10,37,ollama/ollama
2024-03-17,11,ollama/ollama
2024-03-24,45,ollama/ollama
2024-03-31,24,ollama/ollama
2024-04-07,24,ollama/ollama
2024-04-14,43,ollama/ollama
2024-04-21,73,ollama/ollama
2024-04-28,49,ollama/ollama
2024-05-05,82,ollama/ollama
2024-05-12,35,ollama/ollama
2024-05-19,41,ollama/ollama
2024-05-26,34,ollama/ollama
2024-06-02,28,ollama/ollama
2024-06-09,30,ollama/ollama
2024-06-16,37,ollama/ollama
2024-06-23,18,ollama/ollama
2024-06-30,62,ollama/ollama
2024-07-07,45,ollama/ollama
2024-07-14,30,ollama/ollama
2024-07-21,30,ollama/ollama
2024-07-28,36,ollama/ollama
2024-08-04,21,ollama/ollama
2024-08-11,22,ollama/ollama
2024-08-18,15,ollama/ollama
2024-08-25,19,ollama/ollama
2024-09-01,27,ollama/ollama
2024-09-08,15,ollama/ollama
2024-09-15,14,ollama/ollama
2024-09-22,4,ollama/ollama
2024-09-29,1,ollama/ollama
2024-10-06,12,ollama/ollama
2024-10-13,15,ollama/ollama
2024-10-20,12,ollama/ollama
2024-10-27,19,ollama/ollama
2024-11-03,16,ollama/ollama
2024-11-10,17,ollama/ollama
2024-11-17,42,ollama/ollama
2024-11-24,17,ollama/ollama
2024-12-01,11,ollama/ollama
2024-12-08,25,ollama/ollama
2024-12-15,13,ollama/ollama
2024-12-22,4,ollama/ollama
2024-12-29,7,ollama/ollama
2025-01-05,6,ollama/ollama
2025-01-12,13,ollama/ollama
2025-01-19,1,ollama/ollama
2025-01-26,12,ollama/ollama
2025-02-02,29,ollama/ollama
2025-02-09,22,ollama/ollama
2025-02-16,21,ollama/ollama
2025-02-23,50,ollama/ollama
2025-03-02,38,ollama/ollama
2025-03-09,63,ollama/ollama
2025-03-16,26,ollama/ollama
2025-03-23,8,ollama/ollama
2025-03-30,16,ollama/ollama
2025-04-06,14,ollama/ollama
2025-04-13,16,ollama/ollama
2025-04-20,0,ollama/ollama
2022-10-23,16,langchain-ai/langchain
2022-10-30,20,langchain-ai/langchain
2022-11-06,32,langchain-ai/langchain
2022-11-13,22,langchain-ai/langchain
2022-11-20,30,langchain-ai/langchain
2022-11-27,25,langchain-ai/langchain
2022-12-04,21,langchain-ai/langchain
2022-12-11,22,langchain-ai/langchain
2022-12-18,22,langchain-ai/langchain
2022-12-25,35,langchain-ai/langchain
2023-01-01,26,langchain-ai/langchain
2023-01-08,33,langchain-ai/langchain
2023-01-15,24,langchain-ai/langchain
2023-01-22,53,langchain-ai/langchain
2023-01-29,33,langchain-ai/langchain
2023-02-05,40,langchain-ai/langchain
2023-02-12,54,langchain-ai/langchain
2023-02-19,52,langchain-ai/langchain
2023-02-26,44,langchain-ai/langchain
2023-03-05,45,langchain-ai/langchain
2023-03-12,43,langchain-ai/langchain
2023-03-19,43,langchain-ai/langchain
2023-03-26,73,langchain-ai/langchain
2023-04-02,61,langchain-ai/langchain
2023-04-09,79,langchain-ai/langchain
2023-04-16,103,langchain-ai/langchain
2023-04-23,113,langchain-ai/langchain
2023-04-30,108,langchain-ai/langchain
2023-05-07,102,langchain-ai/langchain
2023-05-14,134,langchain-ai/langchain
2023-05-21,94,langchain-ai/langchain
2023-05-28,92,langchain-ai/langchain
2023-06-04,68,langchain-ai/langchain
2023-06-11,78,langchain-ai/langchain
2023-06-18,112,langchain-ai/langchain
2023-06-25,80,langchain-ai/langchain
2023-07-02,133,langchain-ai/langchain
2023-07-09,93,langchain-ai/langchain
2023-07-16,117,langchain-ai/langchain
2023-07-23,148,langchain-ai/langchain
2023-07-30,113,langchain-ai/langchain
2023-08-06,165,langchain-ai/langchain
2023-08-13,158,langchain-ai/langchain
2023-08-20,152,langchain-ai/langchain
2023-08-27,179,langchain-ai/langchain
2023-09-03,167,langchain-ai/langchain
2023-09-10,82,langchain-ai/langchain
2023-09-17,121,langchain-ai/langchain
2023-09-24,152,langchain-ai/langchain
2023-10-01,129,langchain-ai/langchain
2023-10-08,105,langchain-ai/langchain
2023-10-15,137,langchain-ai/langchain
2023-10-22,128,langchain-ai/langchain
2023-10-29,132,langchain-ai/langchain
2023-11-05,91,langchain-ai/langchain
2023-11-12,83,langchain-ai/langchain
2023-11-19,59,langchain-ai/langchain
2023-11-26,107,langchain-ai/langchain
2023-12-03,105,langchain-ai/langchain
2023-12-10,92,langchain-ai/langchain
2023-12-17,84,langchain-ai/langchain
2023-12-24,58,langchain-ai/langchain
2023-12-31,98,langchain-ai/langchain
2024-01-07,62,langchain-ai/langchain
2024-01-14,82,langchain-ai/langchain
2024-01-21,98,langchain-ai/langchain
2024-01-28,65,langchain-ai/langchain
2024-02-04,86,langchain-ai/langchain
2024-02-11,90,langchain-ai/langchain
2024-02-18,79,langchain-ai/langchain
2024-02-25,97,langchain-ai/langchain
2024-03-03,138,langchain-ai/langchain
2024-03-10,65,langchain-ai/langchain
2024-03-17,72,langchain-ai/langchain
2024-03-24,192,langchain-ai/langchain
2024-03-31,84,langchain-ai/langchain
2024-04-07,99,langchain-ai/langchain
2024-04-14,91,langchain-ai/langchain
2024-04-21,104,langchain-ai/langchain
2024-04-28,130,langchain-ai/langchain
2024-05-05,74,langchain-ai/langchain
2024-05-12,97,langchain-ai/langchain
2024-05-19,118,langchain-ai/langchain
2024-05-26,40,langchain-ai/langchain
2024-06-02,104,langchain-ai/langchain
2024-06-09,89,langchain-ai/langchain
2024-06-16,137,langchain-ai/langchain
2024-06-23,111,langchain-ai/langchain
2024-06-30,90,langchain-ai/langchain
2024-07-07,70,langchain-ai/langchain
2024-07-14,98,langchain-ai/langchain
2024-07-21,106,langchain-ai/langchain
2024-07-28,102,langchain-ai/langchain
2024-08-04,79,langchain-ai/langchain
2024-08-11,105,langchain-ai/langchain
2024-08-18,96,langchain-ai/langchain
2024-08-25,64,langchain-ai/langchain
2024-09-01,58,langchain-ai/langchain
2024-09-08,53,langchain-ai/langchain
2024-09-15,74,langchain-ai/langchain
2024-09-22,55,langchain-ai/langchain
2024-09-29,38,langchain-ai/langchain
2024-10-06,25,langchain-ai/langchain
2024-10-13,17,langchain-ai/langchain
2024-10-20,31,langchain-ai/langchain
2024-10-27,44,langchain-ai/langchain
2024-11-03,35,langchain-ai/langchain
2024-11-10,47,langchain-ai/langchain
2024-11-17,28,langchain-ai/langchain
2024-11-24,31,langchain-ai/langchain
2024-12-01,31,langchain-ai/langchain
2024-12-08,51,langchain-ai/langchain
2024-12-15,73,langchain-ai/langchain
2024-12-22,4,langchain-ai/langchain
2024-12-29,17,langchain-ai/langchain
2025-01-05,25,langchain-ai/langchain
2025-01-12,17,langchain-ai/langchain
2025-01-19,39,langchain-ai/langchain
2025-01-26,26,langchain-ai/langchain
2025-02-02,32,langchain-ai/langchain
2025-02-09,35,langchain-ai/langchain
2025-02-16,39,langchain-ai/langchain
2025-02-23,42,langchain-ai/langchain
2025-03-02,34,langchain-ai/langchain
2025-03-09,30,langchain-ai/langchain
2025-03-16,62,langchain-ai/langchain
2025-03-23,68,langchain-ai/langchain
2025-03-30,62,langchain-ai/langchain
2025-04-06,38,langchain-ai/langchain
2025-04-13,51,langchain-ai/langchain
2025-04-20,14,langchain-ai/langchain
2023-08-06,3,langchain-ai/langgraph
2023-08-13,9,langchain-ai/langgraph
2023-08-20,3,langchain-ai/langgraph
2023-08-27,4,langchain-ai/langgraph
2023-09-03,1,langchain-ai/langgraph
2023-09-10,14,langchain-ai/langgraph
2023-09-17,6,langchain-ai/langgraph
2023-09-24,0,langchain-ai/langgraph
2023-10-01,5,langchain-ai/langgraph
2023-10-08,11,langchain-ai/langgraph
2023-10-15,16,langchain-ai/langgraph
2023-10-22,20,langchain-ai/langgraph
2023-10-29,5,langchain-ai/langgraph
2023-11-05,9,langchain-ai/langgraph
2023-11-12,10,langchain-ai/langgraph
2023-11-19,2,langchain-ai/langgraph
2023-11-26,7,langchain-ai/langgraph
2023-12-03,0,langchain-ai/langgraph
2023-12-10,0,langchain-ai/langgraph
2023-12-17,0,langchain-ai/langgraph
2023-12-24,7,langchain-ai/langgraph
2023-12-31,18,langchain-ai/langgraph
2024-01-07,22,langchain-ai/langgraph
2024-01-14,68,langchain-ai/langgraph
2024-01-21,28,langchain-ai/langgraph
2024-01-28,9,langchain-ai/langgraph
2024-02-04,40,langchain-ai/langgraph
2024-02-11,26,langchain-ai/langgraph
2024-02-18,46,langchain-ai/langgraph
2024-02-25,21,langchain-ai/langgraph
2024-03-03,26,langchain-ai/langgraph
2024-03-10,15,langchain-ai/langgraph
2024-03-17,18,langchain-ai/langgraph
2024-03-24,13,langchain-ai/langgraph
2024-03-31,44,langchain-ai/langgraph
2024-04-07,31,langchain-ai/langgraph
2024-04-14,31,langchain-ai/langgraph
2024-04-21,25,langchain-ai/langgraph
2024-04-28,47,langchain-ai/langgraph
2024-05-05,40,langchain-ai/langgraph
2024-05-12,59,langchain-ai/langgraph
2024-05-19,26,langchain-ai/langgraph
2024-05-26,52,langchain-ai/langgraph
2024-06-02,46,langchain-ai/langgraph
2024-06-09,54,langchain-ai/langgraph
2024-06-16,75,langchain-ai/langgraph
2024-06-23,98,langchain-ai/langgraph
2024-06-30,21,langchain-ai/langgraph
2024-07-07,52,langchain-ai/langgraph
2024-07-14,62,langchain-ai/langgraph
2024-07-21,91,langchain-ai/langgraph
2024-07-28,40,langchain-ai/langgraph
2024-08-04,65,langchain-ai/langgraph
2024-08-11,58,langchain-ai/langgraph
2024-08-18,103,langchain-ai/langgraph
2024-08-25,96,langchain-ai/langgraph
2024-09-01,95,langchain-ai/langgraph
2024-09-08,83,langchain-ai/langgraph
2024-09-15,102,langchain-ai/langgraph
2024-09-22,67,langchain-ai/langgraph
2024-09-29,81,langchain-ai/langgraph
2024-10-06,77,langchain-ai/langgraph
2024-10-13,50,langchain-ai/langgraph
2024-10-20,38,langchain-ai/langgraph
2024-10-27,77,langchain-ai/langgraph
2024-11-03,52,langchain-ai/langgraph
2024-11-10,63,langchain-ai/langgraph
2024-11-17,77,langchain-ai/langgraph
2024-11-24,34,langchain-ai/langgraph
2024-12-01,122,langchain-ai/langgraph
2024-12-08,121,langchain-ai/langgraph
2024-12-15,107,langchain-ai/langgraph
2024-12-22,8,langchain-ai/langgraph
2024-12-29,13,langchain-ai/langgraph
2025-01-05,38,langchain-ai/langgraph
2025-01-12,160,langchain-ai/langgraph
2025-01-19,70,langchain-ai/langgraph
2025-01-26,46,langchain-ai/langgraph
2025-02-02,41,langchain-ai/langgraph
2025-02-09,103,langchain-ai/langgraph
2025-02-16,77,langchain-ai/langgraph
2025-02-23,51,langchain-ai/langgraph
2025-03-02,65,langchain-ai/langgraph
2025-03-09,92,langchain-ai/langgraph
2025-03-16,153,langchain-ai/langgraph
2025-03-23,71,langchain-ai/langgraph
2025-03-30,67,langchain-ai/langgraph
2025-04-06,73,langchain-ai/langgraph
2025-04-13,45,langchain-ai/langgraph
2025-04-20,12,langchain-ai/langgraph
2020-11-29,0,microsoft/autogen
2020-12-06,0,microsoft/autogen
2020-12-13,4,microsoft/autogen
2020-12-20,2,microsoft/autogen
2020-12-27,0,microsoft/autogen
2021-01-03,0,microsoft/autogen
2021-01-10,0,microsoft/autogen
2021-01-17,0,microsoft/autogen
2021-01-24,0,microsoft/autogen
2021-01-31,2,microsoft/autogen
2021-02-07,2,microsoft/autogen
2021-02-14,0,microsoft/autogen
2021-02-21,1,microsoft/autogen
2021-02-28,2,microsoft/autogen
2021-03-07,1,microsoft/autogen
2021-03-14,5,microsoft/autogen
2021-03-21,1,microsoft/autogen
2021-03-28,2,microsoft/autogen
2021-04-04,5,microsoft/autogen
2021-04-11,0,microsoft/autogen
2021-04-18,7,microsoft/autogen
2021-04-25,7,microsoft/autogen
2021-05-02,2,microsoft/autogen
2021-05-09,0,microsoft/autogen
2021-05-16,2,microsoft/autogen
2021-05-23,3,microsoft/autogen
2021-05-30,8,microsoft/autogen
2021-06-06,4,microsoft/autogen
2021-06-13,9,microsoft/autogen
2021-06-20,5,microsoft/autogen
2021-06-27,0,microsoft/autogen
2021-07-04,5,microsoft/autogen
2021-07-11,0,microsoft/autogen
2021-07-18,4,microsoft/autogen
2021-07-25,3,microsoft/autogen
2021-08-01,2,microsoft/autogen
2021-08-08,2,microsoft/autogen
2021-08-15,0,microsoft/autogen
2021-08-22,5,microsoft/autogen
2021-08-29,6,microsoft/autogen
2021-09-05,4,microsoft/autogen
2021-09-12,3,microsoft/autogen
2021-09-19,6,microsoft/autogen
2021-09-26,1,microsoft/autogen
2021-10-03,1,microsoft/autogen
2021-10-10,9,microsoft/autogen
2021-10-17,6,microsoft/autogen
2021-10-24,2,microsoft/autogen
2021-10-31,6,microsoft/autogen
2021-11-07,5,microsoft/autogen
2021-11-14,7,microsoft/autogen
2021-11-21,5,microsoft/autogen
2021-11-28,10,microsoft/autogen
2021-12-05,5,microsoft/autogen
2021-12-12,10,microsoft/autogen
2021-12-19,9,microsoft/autogen
2021-12-26,0,microsoft/autogen
2022-01-02,7,microsoft/autogen
2022-01-09,13,microsoft/autogen
2022-01-16,8,microsoft/autogen
2022-01-23,5,microsoft/autogen
2022-01-30,5,microsoft/autogen
2022-02-06,3,microsoft/autogen
2022-02-13,3,microsoft/autogen
2022-02-20,2,microsoft/autogen
2022-02-27,3,microsoft/autogen
2022-03-06,4,microsoft/autogen
2022-03-13,0,microsoft/autogen
2022-03-20,8,microsoft/autogen
2022-03-27,5,microsoft/autogen
2022-04-03,0,microsoft/autogen
2022-04-10,1,microsoft/autogen
2022-04-17,2,microsoft/autogen
2022-04-24,2,microsoft/autogen
2022-05-01,4,microsoft/autogen
2022-05-08,2,microsoft/autogen
2022-05-15,2,microsoft/autogen
2022-05-22,4,microsoft/autogen
2022-05-29,7,microsoft/autogen
2022-06-05,5,microsoft/autogen
2022-06-12,10,microsoft/autogen
2022-06-19,10,microsoft/autogen
2022-06-26,4,microsoft/autogen
2022-07-03,4,microsoft/autogen
2022-07-10,4,microsoft/autogen
2022-07-17,4,microsoft/autogen
2022-07-24,2,microsoft/autogen
2022-07-31,3,microsoft/autogen
2022-08-07,15,microsoft/autogen
2022-08-14,10,microsoft/autogen
2022-08-21,18,microsoft/autogen
2022-08-28,0,microsoft/autogen
2022-09-04,3,microsoft/autogen
2022-09-11,1,microsoft/autogen
2022-09-18,0,microsoft/autogen
2022-09-25,0,microsoft/autogen
2022-10-02,3,microsoft/autogen
2022-10-09,40,microsoft/autogen
2022-10-16,6,microsoft/autogen
2022-10-23,0,microsoft/autogen
2022-10-30,7,microsoft/autogen
2022-11-06,1,microsoft/autogen
2022-11-13,7,microsoft/autogen
2022-11-20,1,microsoft/autogen
2022-11-27,7,microsoft/autogen
2022-12-04,12,microsoft/autogen
2022-12-11,7,microsoft/autogen
2022-12-18,7,microsoft/autogen
2022-12-25,2,microsoft/autogen
2023-01-01,4,microsoft/autogen
2023-01-08,3,microsoft/autogen
2023-01-15,2,microsoft/autogen
2023-01-22,7,microsoft/autogen
2023-01-29,3,microsoft/autogen
2023-02-05,10,microsoft/autogen
2023-02-12,6,microsoft/autogen
2023-02-19,11,microsoft/autogen
2023-02-26,10,microsoft/autogen
2023-03-05,12,microsoft/autogen
2023-03-12,1,microsoft/autogen
2023-03-19,0,microsoft/autogen
2023-03-26,4,microsoft/autogen
2023-04-02,13,microsoft/autogen
2023-04-09,7,microsoft/autogen
2023-04-16,6,microsoft/autogen
2023-04-23,11,microsoft/autogen
2023-04-30,11,microsoft/autogen
2023-05-07,2,microsoft/autogen
2023-05-14,8,microsoft/autogen
2023-05-21,12,microsoft/autogen
2023-05-28,10,microsoft/autogen
2023-06-04,4,microsoft/autogen
2023-06-11,24,microsoft/autogen
2023-06-18,5,microsoft/autogen
2023-06-25,3,microsoft/autogen
2023-07-02,12,microsoft/autogen
2023-07-09,27,microsoft/autogen
2023-07-16,16,microsoft/autogen
2023-07-23,15,microsoft/autogen
2023-07-30,6,microsoft/autogen
2023-08-06,3,microsoft/autogen
2023-08-13,8,microsoft/autogen
2023-08-20,3,microsoft/autogen
2023-08-27,20,microsoft/autogen
2023-09-03,17,microsoft/autogen
2023-09-10,18,microsoft/autogen
2023-09-17,32,microsoft/autogen
2023-09-24,15,microsoft/autogen
2023-10-01,21,microsoft/autogen
2023-10-08,34,microsoft/autogen
2023-10-15,41,microsoft/autogen
2023-10-22,40,microsoft/autogen
2023-10-29,10,microsoft/autogen
2023-11-05,38,microsoft/autogen
2023-11-12,48,microsoft/autogen
2023-11-19,25,microsoft/autogen
2023-11-26,31,microsoft/autogen
2023-12-03,46,microsoft/autogen
2023-12-10,7,microsoft/autogen
2023-12-17,20,microsoft/autogen
2023-12-24,36,microsoft/autogen
2023-12-31,31,microsoft/autogen
2024-01-07,41,microsoft/autogen
2024-01-14,35,microsoft/autogen
2024-01-21,39,microsoft/autogen
2024-01-28,33,microsoft/autogen
2024-02-04,57,microsoft/autogen
2024-02-11,37,microsoft/autogen
2024-02-18,40,microsoft/autogen
2024-02-25,27,microsoft/autogen
2024-03-03,59,microsoft/autogen
2024-03-10,58,microsoft/autogen
2024-03-17,52,microsoft/autogen
2024-03-24,57,microsoft/autogen
2024-03-31,69,microsoft/autogen
2024-04-07,23,microsoft/autogen
2024-04-14,35,microsoft/autogen
2024-04-21,17,microsoft/autogen
2024-04-28,30,microsoft/autogen
2024-05-05,29,microsoft/autogen
2024-05-12,28,microsoft/autogen
2024-05-19,67,microsoft/autogen
2024-05-26,23,microsoft/autogen
2024-06-02,34,microsoft/autogen
2024-06-09,44,microsoft/autogen
2024-06-16,58,microsoft/autogen
2024-06-23,47,microsoft/autogen
2024-06-30,30,microsoft/autogen
2024-07-07,26,microsoft/autogen
2024-07-14,30,microsoft/autogen
2024-07-21,68,microsoft/autogen
2024-07-28,37,microsoft/autogen
2024-08-04,40,microsoft/autogen
2024-08-11,14,microsoft/autogen
2024-08-18,42,microsoft/autogen
2024-08-25,109,microsoft/autogen
2024-09-01,21,microsoft/autogen
2024-09-08,42,microsoft/autogen
2024-09-15,65,microsoft/autogen
2024-09-22,78,microsoft/autogen
2024-09-29,66,microsoft/autogen
2024-10-06,57,microsoft/autogen
2024-10-13,29,microsoft/autogen
2024-10-20,37,microsoft/autogen
2024-10-27,36,microsoft/autogen
2024-11-03,26,microsoft/autogen
2024-11-10,47,microsoft/autogen
2024-11-17,51,microsoft/autogen
2024-11-24,66,microsoft/autogen
2024-12-01,60,microsoft/autogen
2024-12-08,61,microsoft/autogen
2024-12-15,32,microsoft/autogen
2024-12-22,37,microsoft/autogen
2024-12-29,33,microsoft/autogen
2025-01-05,73,microsoft/autogen
2025-01-12,51,microsoft/autogen
2025-01-19,32,microsoft/autogen
2025-01-26,112,microsoft/autogen
2025-02-02,66,microsoft/autogen
2025-02-09,64,microsoft/autogen
2025-02-16,21,microsoft/autogen
2025-02-23,46,microsoft/autogen
2025-03-02,56,microsoft/autogen
2025-03-09,41,microsoft/autogen
2025-03-16,42,microsoft/autogen
2025-03-23,18,microsoft/autogen
2025-03-30,35,microsoft/autogen
2025-04-06,21,microsoft/autogen
2025-04-13,29,microsoft/autogen
2025-04-20,23,microsoft/autogen
2022-03-06,1,openai/openai-cookbook
2022-03-13,0,openai/openai-cookbook
2022-03-20,0,openai/openai-cookbook
2022-03-27,0,openai/openai-cookbook
2022-04-03,0,openai/openai-cookbook
2022-04-10,0,openai/openai-cookbook
2022-04-17,0,openai/openai-cookbook
2022-04-24,0,openai/openai-cookbook
2022-05-01,0,openai/openai-cookbook
2022-05-08,0,openai/openai-cookbook
2022-05-15,0,openai/openai-cookbook
2022-05-22,0,openai/openai-cookbook
2022-05-29,0,openai/openai-cookbook
2022-06-05,3,openai/openai-cookbook
2022-06-12,0,openai/openai-cookbook
2022-06-19,3,openai/openai-cookbook
2022-06-26,0,openai/openai-cookbook
2022-07-03,0,openai/openai-cookbook
2022-07-10,16,openai/openai-cookbook
2022-07-17,1,openai/openai-cookbook
2022-07-24,0,openai/openai-cookbook
2022-07-31,1,openai/openai-cookbook
2022-08-07,0,openai/openai-cookbook
2022-08-14,0,openai/openai-cookbook
2022-08-21,0,openai/openai-cookbook
2022-08-28,2,openai/openai-cookbook
2022-09-04,2,openai/openai-cookbook
2022-09-11,3,openai/openai-cookbook
2022-09-18,0,openai/openai-cookbook
2022-09-25,5,openai/openai-cookbook
2022-10-02,0,openai/openai-cookbook
2022-10-09,1,openai/openai-cookbook
2022-10-16,2,openai/openai-cookbook
2022-10-23,8,openai/openai-cookbook
2022-10-30,2,openai/openai-cookbook
2022-11-06,0,openai/openai-cookbook
2022-11-13,1,openai/openai-cookbook
2022-11-20,0,openai/openai-cookbook
2022-11-27,0,openai/openai-cookbook
2022-12-04,0,openai/openai-cookbook
2022-12-11,6,openai/openai-cookbook
2022-12-18,6,openai/openai-cookbook
2022-12-25,0,openai/openai-cookbook
2023-01-01,1,openai/openai-cookbook
2023-01-08,3,openai/openai-cookbook
2023-01-15,14,openai/openai-cookbook
2023-01-22,3,openai/openai-cookbook
2023-01-29,4,openai/openai-cookbook
2023-02-05,11,openai/openai-cookbook
2023-02-12,13,openai/openai-cookbook
2023-02-19,1,openai/openai-cookbook
2023-02-26,8,openai/openai-cookbook
2023-03-05,3,openai/openai-cookbook
2023-03-12,16,openai/openai-cookbook
2023-03-19,9,openai/openai-cookbook
2023-03-26,9,openai/openai-cookbook
2023-04-02,7,openai/openai-cookbook
2023-04-09,7,openai/openai-cookbook
2023-04-16,6,openai/openai-cookbook
2023-04-23,0,openai/openai-cookbook
2023-04-30,5,openai/openai-cookbook
2023-05-07,6,openai/openai-cookbook
2023-05-14,9,openai/openai-cookbook
2023-05-21,12,openai/openai-cookbook
2023-05-28,2,openai/openai-cookbook
2023-06-04,0,openai/openai-cookbook
2023-06-11,42,openai/openai-cookbook
2023-06-18,1,openai/openai-cookbook
2023-06-25,5,openai/openai-cookbook
2023-07-02,0,openai/openai-cookbook
2023-07-09,3,openai/openai-cookbook
2023-07-16,1,openai/openai-cookbook
2023-07-23,0,openai/openai-cookbook
2023-07-30,1,openai/openai-cookbook
2023-08-06,3,openai/openai-cookbook
2023-08-13,7,openai/openai-cookbook
2023-08-20,8,openai/openai-cookbook
2023-08-27,9,openai/openai-cookbook
2023-09-03,0,openai/openai-cookbook
2023-09-10,26,openai/openai-cookbook
2023-09-17,6,openai/openai-cookbook
2023-09-24,25,openai/openai-cookbook
2023-10-01,21,openai/openai-cookbook
2023-10-08,18,openai/openai-cookbook
2023-10-15,24,openai/openai-cookbook
2023-10-22,0,openai/openai-cookbook
2023-10-29,7,openai/openai-cookbook
2023-11-05,21,openai/openai-cookbook
2023-11-12,9,openai/openai-cookbook
2023-11-19,0,openai/openai-cookbook
2023-11-26,7,openai/openai-cookbook
2023-12-03,6,openai/openai-cookbook
2023-12-10,0,openai/openai-cookbook
2023-12-17,25,openai/openai-cookbook
2023-12-24,1,openai/openai-cookbook
2023-12-31,2,openai/openai-cookbook
2024-01-07,0,openai/openai-cookbook
2024-01-14,0,openai/openai-cookbook
2024-01-21,3,openai/openai-cookbook
2024-01-28,2,openai/openai-cookbook
2024-02-04,1,openai/openai-cookbook
2024-02-11,2,openai/openai-cookbook
2024-02-18,3,openai/openai-cookbook
2024-02-25,67,openai/openai-cookbook
2024-03-03,5,openai/openai-cookbook
2024-03-10,3,openai/openai-cookbook
2024-03-17,0,openai/openai-cookbook
2024-03-24,5,openai/openai-cookbook
2024-03-31,0,openai/openai-cookbook
2024-04-07,5,openai/openai-cookbook
2024-04-14,2,openai/openai-cookbook
2024-04-21,1,openai/openai-cookbook
2024-04-28,2,openai/openai-cookbook
2024-05-05,0,openai/openai-cookbook
2024-05-12,4,openai/openai-cookbook
2024-05-19,0,openai/openai-cookbook
2024-05-26,1,openai/openai-cookbook
2024-06-02,9,openai/openai-cookbook
2024-06-09,1,openai/openai-cookbook
2024-06-16,2,openai/openai-cookbook
2024-06-23,3,openai/openai-cookbook
2024-06-30,0,openai/openai-cookbook
2024-07-07,9,openai/openai-cookbook
2024-07-14,4,openai/openai-cookbook
2024-07-21,13,openai/openai-cookbook
2024-07-28,4,openai/openai-cookbook
2024-08-04,16,openai/openai-cookbook
2024-08-11,12,openai/openai-cookbook
2024-08-18,0,openai/openai-cookbook
2024-08-25,2,openai/openai-cookbook
2024-09-01,0,openai/openai-cookbook
2024-09-08,1,openai/openai-cookbook
2024-09-15,4,openai/openai-cookbook
2024-09-22,7,openai/openai-cookbook
2024-09-29,3,openai/openai-cookbook
2024-10-06,3,openai/openai-cookbook
2024-10-13,3,openai/openai-cookbook
2024-10-20,9,openai/openai-cookbook
2024-10-27,12,openai/openai-cookbook
2024-11-03,1,openai/openai-cookbook
2024-11-10,2,openai/openai-cookbook
2024-11-17,7,openai/openai-cookbook
2024-11-24,4,openai/openai-cookbook
2024-12-01,3,openai/openai-cookbook
2024-12-08,0,openai/openai-cookbook
2024-12-15,0,openai/openai-cookbook
2024-12-22,0,openai/openai-cookbook
2024-12-29,0,openai/openai-cookbook
2025-01-05,8,openai/openai-cookbook
2025-01-12,2,openai/openai-cookbook
2025-01-19,5,openai/openai-cookbook
2025-01-26,8,openai/openai-cookbook
2025-02-02,3,openai/openai-cookbook
2025-02-09,3,openai/openai-cookbook
2025-02-16,1,openai/openai-cookbook
2025-02-23,0,openai/openai-cookbook
2025-03-02,0,openai/openai-cookbook
2025-03-09,6,openai/openai-cookbook
2025-03-16,3,openai/openai-cookbook
2025-03-23,7,openai/openai-cookbook
2025-03-30,2,openai/openai-cookbook
2025-04-06,5,openai/openai-cookbook
2025-04-13,5,openai/openai-cookbook
2025-04-20,0,openai/openai-cookbook
2010-02-07,18,elastic/elasticsearch
2010-02-14,39,elastic/elasticsearch
2010-02-21,58,elastic/elasticsearch
2010-02-28,34,elastic/elasticsearch
2010-03-07,18,elastic/elasticsearch
2010-03-14,32,elastic/elasticsearch
2010-03-21,29,elastic/elasticsearch
2010-03-28,56,elastic/elasticsearch
2010-04-04,51,elastic/elasticsearch
2010-04-11,28,elastic/elasticsearch
2010-04-18,13,elastic/elasticsearch
2010-04-25,43,elastic/elasticsearch
2010-05-02,43,elastic/elasticsearch
2010-05-09,61,elastic/elasticsearch
2010-05-16,51,elastic/elasticsearch
2010-05-23,28,elastic/elasticsearch
2010-05-30,26,elastic/elasticsearch
2010-06-06,16,elastic/elasticsearch
2010-06-13,49,elastic/elasticsearch
2010-06-20,33,elastic/elasticsearch
2010-06-27,43,elastic/elasticsearch
2010-07-04,37,elastic/elasticsearch
2010-07-11,38,elastic/elasticsearch
2010-07-18,53,elastic/elasticsearch
2010-07-25,19,elastic/elasticsearch
2010-08-01,33,elastic/elasticsearch
2010-08-08,44,elastic/elasticsearch
2010-08-15,74,elastic/elasticsearch
2010-08-22,49,elastic/elasticsearch
2010-08-29,29,elastic/elasticsearch
2010-09-05,20,elastic/elasticsearch
2010-09-12,29,elastic/elasticsearch
2010-09-19,46,elastic/elasticsearch
2010-09-26,28,elastic/elasticsearch
2010-10-03,34,elastic/elasticsearch
2010-10-10,27,elastic/elasticsearch
2010-10-17,35,elastic/elasticsearch
2010-10-24,38,elastic/elasticsearch
2010-10-31,39,elastic/elasticsearch
2010-11-07,35,elastic/elasticsearch
2010-11-14,36,elastic/elasticsearch
2010-11-21,21,elastic/elasticsearch
2010-11-28,17,elastic/elasticsearch
2010-12-05,18,elastic/elasticsearch
2010-12-12,17,elastic/elasticsearch
2010-12-19,33,elastic/elasticsearch
2010-12-26,43,elastic/elasticsearch
2011-01-02,31,elastic/elasticsearch
2011-01-09,35,elastic/elasticsearch
2011-01-16,28,elastic/elasticsearch
2011-01-23,26,elastic/elasticsearch
2011-01-30,37,elastic/elasticsearch
2011-02-06,52,elastic/elasticsearch
2011-02-13,32,elastic/elasticsearch
2011-02-20,30,elastic/elasticsearch
2011-02-27,37,elastic/elasticsearch
2011-03-06,24,elastic/elasticsearch
2011-03-13,17,elastic/elasticsearch
2011-03-20,16,elastic/elasticsearch
2011-03-27,34,elastic/elasticsearch
2011-04-03,42,elastic/elasticsearch
2011-04-10,38,elastic/elasticsearch
2011-04-17,38,elastic/elasticsearch
2011-04-24,18,elastic/elasticsearch
2011-05-01,17,elastic/elasticsearch
2011-05-08,20,elastic/elasticsearch
2011-05-15,32,elastic/elasticsearch
2011-05-22,26,elastic/elasticsearch
2011-05-29,25,elastic/elasticsearch
2011-06-05,19,elastic/elasticsearch
2011-06-12,34,elastic/elasticsearch
2011-06-19,13,elastic/elasticsearch
2011-06-26,20,elastic/elasticsearch
2011-07-03,30,elastic/elasticsearch
2011-07-10,31,elastic/elasticsearch
2011-07-17,38,elastic/elasticsearch
2011-07-24,38,elastic/elasticsearch
2011-07-31,33,elastic/elasticsearch
2011-08-07,31,elastic/elasticsearch
2011-08-14,32,elastic/elasticsearch
2011-08-21,11,elastic/elasticsearch
2011-08-28,35,elastic/elasticsearch
2011-09-04,27,elastic/elasticsearch
2011-09-11,20,elastic/elasticsearch
2011-09-18,26,elastic/elasticsearch
2011-09-25,24,elastic/elasticsearch
2011-10-02,13,elastic/elasticsearch
2011-10-09,11,elastic/elasticsearch
2011-10-16,18,elastic/elasticsearch
2011-10-23,22,elastic/elasticsearch
2011-10-30,3,elastic/elasticsearch
2011-11-06,11,elastic/elasticsearch
2011-11-13,38,elastic/elasticsearch
2011-11-20,22,elastic/elasticsearch
2011-11-27,19,elastic/elasticsearch
2011-12-04,44,elastic/elasticsearch
2011-12-11,40,elastic/elasticsearch
2011-12-18,20,elastic/elasticsearch
2011-12-25,32,elastic/elasticsearch
2012-01-01,40,elastic/elasticsearch
2012-01-08,36,elastic/elasticsearch
2012-01-15,29,elastic/elasticsearch
2012-01-22,20,elastic/elasticsearch
2012-01-29,44,elastic/elasticsearch
2012-02-05,54,elastic/elasticsearch
2012-02-12,29,elastic/elasticsearch
2012-02-19,21,elastic/elasticsearch
2012-02-26,64,elastic/elasticsearch
2012-03-04,24,elastic/elasticsearch
2012-03-11,4,elastic/elasticsearch
2012-03-18,17,elastic/elasticsearch
2012-03-25,9,elastic/elasticsearch
2012-04-01,16,elastic/elasticsearch
2012-04-08,6,elastic/elasticsearch
2012-04-15,8,elastic/elasticsearch
2012-04-22,10,elastic/elasticsearch
2012-04-29,43,elastic/elasticsearch
2012-05-06,24,elastic/elasticsearch
2012-05-13,11,elastic/elasticsearch
2012-05-20,20,elastic/elasticsearch
2012-05-27,10,elastic/elasticsearch
2012-06-03,11,elastic/elasticsearch
2012-06-10,35,elastic/elasticsearch
2012-06-17,25,elastic/elasticsearch
2012-06-24,35,elastic/elasticsearch
2012-07-01,23,elastic/elasticsearch
2012-07-08,19,elastic/elasticsearch
2012-07-15,3,elastic/elasticsearch
2012-07-22,6,elastic/elasticsearch
2012-07-29,24,elastic/elasticsearch
2012-08-05,11,elastic/elasticsearch
2012-08-12,12,elastic/elasticsearch
2012-08-19,30,elastic/elasticsearch
2012-08-26,6,elastic/elasticsearch
2012-09-02,16,elastic/elasticsearch
2012-09-09,12,elastic/elasticsearch
2012-09-16,22,elastic/elasticsearch
2012-09-23,28,elastic/elasticsearch
2012-09-30,11,elastic/elasticsearch
2012-10-07,2,elastic/elasticsearch
2012-10-14,10,elastic/elasticsearch
2012-10-21,44,elastic/elasticsearch
2012-10-28,92,elastic/elasticsearch
2012-11-04,27,elastic/elasticsearch
2012-11-11,19,elastic/elasticsearch
2012-11-18,16,elastic/elasticsearch
2012-11-25,3,elastic/elasticsearch
2012-12-02,24,elastic/elasticsearch
2012-12-09,11,elastic/elasticsearch
2012-12-16,18,elastic/elasticsearch
2012-12-23,27,elastic/elasticsearch
2012-12-30,21,elastic/elasticsearch
2013-01-06,8,elastic/elasticsearch
2013-01-13,21,elastic/elasticsearch
2013-01-20,64,elastic/elasticsearch
2013-01-27,35,elastic/elasticsearch
2013-02-03,19,elastic/elasticsearch
2013-02-10,25,elastic/elasticsearch
2013-02-17,36,elastic/elasticsearch
2013-02-24,76,elastic/elasticsearch
2013-03-03,28,elastic/elasticsearch
2013-03-10,25,elastic/elasticsearch
2013-03-17,20,elastic/elasticsearch
2013-03-24,26,elastic/elasticsearch
2013-03-31,44,elastic/elasticsearch
2013-04-07,30,elastic/elasticsearch
2013-04-14,17,elastic/elasticsearch
2013-04-21,14,elastic/elasticsearch
2013-04-28,40,elastic/elasticsearch
2013-05-05,29,elastic/elasticsearch
2013-05-12,36,elastic/elasticsearch
2013-05-19,25,elastic/elasticsearch
2013-05-26,110,elastic/elasticsearch
2013-06-02,32,elastic/elasticsearch
2013-06-09,39,elastic/elasticsearch
2013-06-16,55,elastic/elasticsearch
2013-06-23,44,elastic/elasticsearch
2013-06-30,44,elastic/elasticsearch
2013-07-07,13,elastic/elasticsearch
2013-07-14,35,elastic/elasticsearch
2013-07-21,74,elastic/elasticsearch
2013-07-28,65,elastic/elasticsearch
2013-08-04,87,elastic/elasticsearch
2013-08-11,79,elastic/elasticsearch
2013-08-18,67,elastic/elasticsearch
2013-08-25,50,elastic/elasticsearch
2013-09-01,71,elastic/elasticsearch
2013-09-08,80,elastic/elasticsearch
2013-09-15,114,elastic/elasticsearch
2013-09-22,54,elastic/elasticsearch
2013-09-29,43,elastic/elasticsearch
2013-10-06,50,elastic/elasticsearch
2013-10-13,42,elastic/elasticsearch
2013-10-20,29,elastic/elasticsearch
2013-10-27,69,elastic/elasticsearch
2013-11-03,93,elastic/elasticsearch
2013-11-10,36,elastic/elasticsearch
2013-11-17,43,elastic/elasticsearch
2013-11-24,72,elastic/elasticsearch
2013-12-01,58,elastic/elasticsearch
2013-12-08,74,elastic/elasticsearch
2013-12-15,99,elastic/elasticsearch
2013-12-22,37,elastic/elasticsearch
2013-12-29,43,elastic/elasticsearch
2014-01-05,105,elastic/elasticsearch
2014-01-12,162,elastic/elasticsearch
2014-01-19,87,elastic/elasticsearch
2014-01-26,71,elastic/elasticsearch
2014-02-02,61,elastic/elasticsearch
2014-02-09,50,elastic/elasticsearch
2014-02-16,46,elastic/elasticsearch
2014-02-23,63,elastic/elasticsearch
2014-03-02,40,elastic/elasticsearch
2014-03-09,77,elastic/elasticsearch
2014-03-16,84,elastic/elasticsearch
2014-03-23,96,elastic/elasticsearch
2014-03-30,77,elastic/elasticsearch
2014-04-06,57,elastic/elasticsearch
2014-04-13,59,elastic/elasticsearch
2014-04-20,51,elastic/elasticsearch
2014-04-27,70,elastic/elasticsearch
2014-05-04,58,elastic/elasticsearch
2014-05-11,80,elastic/elasticsearch
2014-05-18,69,elastic/elasticsearch
2014-05-25,46,elastic/elasticsearch
2014-06-01,54,elastic/elasticsearch
2014-06-08,48,elastic/elasticsearch
2014-06-15,61,elastic/elasticsearch
2014-06-22,35,elastic/elasticsearch
2014-06-29,92,elastic/elasticsearch
2014-07-06,95,elastic/elasticsearch
2014-07-13,101,elastic/elasticsearch
2014-07-20,123,elastic/elasticsearch
2014-07-27,79,elastic/elasticsearch
2014-08-03,97,elastic/elasticsearch
2014-08-10,78,elastic/elasticsearch
2014-08-17,105,elastic/elasticsearch
2014-08-24,92,elastic/elasticsearch
2014-08-31,77,elastic/elasticsearch
2014-09-07,109,elastic/elasticsearch
2014-09-14,83,elastic/elasticsearch
2014-09-21,65,elastic/elasticsearch
2014-09-28,89,elastic/elasticsearch
2014-10-05,75,elastic/elasticsearch
2014-10-12,77,elastic/elasticsearch
2014-10-19,88,elastic/elasticsearch
2014-10-26,123,elastic/elasticsearch
2014-11-02,162,elastic/elasticsearch
2014-11-09,112,elastic/elasticsearch
2014-11-16,115,elastic/elasticsearch
2014-11-23,164,elastic/elasticsearch
2014-11-30,133,elastic/elasticsearch
2014-12-07,76,elastic/elasticsearch
2014-12-14,52,elastic/elasticsearch
2014-12-21,18,elastic/elasticsearch
2014-12-28,41,elastic/elasticsearch
2015-01-04,50,elastic/elasticsearch
2015-01-11,67,elastic/elasticsearch
2015-01-18,61,elastic/elasticsearch
2015-01-25,86,elastic/elasticsearch
2015-02-01,79,elastic/elasticsearch
2015-02-08,98,elastic/elasticsearch
2015-02-15,94,elastic/elasticsearch
2015-02-22,127,elastic/elasticsearch
2015-03-01,97,elastic/elasticsearch
2015-03-08,21,elastic/elasticsearch
2015-03-15,91,elastic/elasticsearch
2015-03-22,89,elastic/elasticsearch
2015-03-29,86,elastic/elasticsearch
2015-04-05,102,elastic/elasticsearch
2015-04-12,136,elastic/elasticsearch
2015-04-19,179,elastic/elasticsearch
2015-04-26,213,elastic/elasticsearch
2015-05-03,218,elastic/elasticsearch
2015-05-10,185,elastic/elasticsearch
2015-05-17,265,elastic/elasticsearch
2015-05-24,144,elastic/elasticsearch
2015-05-31,146,elastic/elasticsearch
2015-06-07,120,elastic/elasticsearch
2015-06-14,176,elastic/elasticsearch
2015-06-21,139,elastic/elasticsearch
2015-06-28,161,elastic/elasticsearch
2015-07-05,225,elastic/elasticsearch
2015-07-12,171,elastic/elasticsearch
2015-07-19,164,elastic/elasticsearch
2015-07-26,115,elastic/elasticsearch
2015-08-02,198,elastic/elasticsearch
2015-08-09,243,elastic/elasticsearch
2015-08-16,243,elastic/elasticsearch
2015-08-23,195,elastic/elasticsearch
2015-08-30,228,elastic/elasticsearch
2015-09-06,239,elastic/elasticsearch
2015-09-13,223,elastic/elasticsearch
2015-09-20,235,elastic/elasticsearch
2015-09-27,126,elastic/elasticsearch
2015-10-04,245,elastic/elasticsearch
2015-10-11,124,elastic/elasticsearch
2015-10-18,114,elastic/elasticsearch
2015-10-25,188,elastic/elasticsearch
2015-11-01,194,elastic/elasticsearch
2015-11-08,174,elastic/elasticsearch
2015-11-15,194,elastic/elasticsearch
2015-11-22,223,elastic/elasticsearch
2015-11-29,217,elastic/elasticsearch
2015-12-06,197,elastic/elasticsearch
2015-12-13,240,elastic/elasticsearch
2015-12-20,116,elastic/elasticsearch
2015-12-27,55,elastic/elasticsearch
2016-01-03,215,elastic/elasticsearch
2016-01-10,243,elastic/elasticsearch
2016-01-17,246,elastic/elasticsearch
2016-01-24,222,elastic/elasticsearch
2016-01-31,209,elastic/elasticsearch
2016-02-07,186,elastic/elasticsearch
2016-02-14,62,elastic/elasticsearch
2016-02-21,92,elastic/elasticsearch
2016-02-28,188,elastic/elasticsearch
2016-03-06,191,elastic/elasticsearch
2016-03-13,187,elastic/elasticsearch
2016-03-20,219,elastic/elasticsearch
2016-03-27,232,elastic/elasticsearch
2016-04-03,123,elastic/elasticsearch
2016-04-10,204,elastic/elasticsearch
2016-04-17,136,elastic/elasticsearch
2016-04-24,110,elastic/elasticsearch
2016-05-01,122,elastic/elasticsearch
2016-05-08,179,elastic/elasticsearch
2016-05-15,186,elastic/elasticsearch
2016-05-22,149,elastic/elasticsearch
2016-05-29,152,elastic/elasticsearch
2016-06-05,176,elastic/elasticsearch
2016-06-12,190,elastic/elasticsearch
2016-06-19,175,elastic/elasticsearch
2016-06-26,226,elastic/elasticsearch
2016-07-03,156,elastic/elasticsearch
2016-07-10,187,elastic/elasticsearch
2016-07-17,131,elastic/elasticsearch
2016-07-24,159,elastic/elasticsearch
2016-07-31,162,elastic/elasticsearch
2016-08-07,150,elastic/elasticsearch
2016-08-14,112,elastic/elasticsearch
2016-08-21,89,elastic/elasticsearch
2016-08-28,184,elastic/elasticsearch
2016-09-04,126,elastic/elasticsearch
2016-09-11,120,elastic/elasticsearch
2016-09-18,87,elastic/elasticsearch
2016-09-25,54,elastic/elasticsearch
2016-10-02,139,elastic/elasticsearch
2016-10-09,108,elastic/elasticsearch
2016-10-16,108,elastic/elasticsearch
2016-10-23,86,elastic/elasticsearch
2016-10-30,127,elastic/elasticsearch
2016-11-06,131,elastic/elasticsearch
2016-11-13,156,elastic/elasticsearch
2016-11-20,159,elastic/elasticsearch
2016-11-27,165,elastic/elasticsearch
2016-12-04,126,elastic/elasticsearch
2016-12-11,124,elastic/elasticsearch
2016-12-18,162,elastic/elasticsearch
2016-12-25,53,elastic/elasticsearch
2017-01-01,132,elastic/elasticsearch
2017-01-08,194,elastic/elasticsearch
2017-01-15,147,elastic/elasticsearch
2017-01-22,116,elastic/elasticsearch
2017-01-29,120,elastic/elasticsearch
2017-02-05,155,elastic/elasticsearch
2017-02-12,134,elastic/elasticsearch
2017-02-19,147,elastic/elasticsearch
2017-02-26,117,elastic/elasticsearch
2017-03-05,21,elastic/elasticsearch
2017-03-12,54,elastic/elasticsearch
2017-03-19,112,elastic/elasticsearch
2017-03-26,126,elastic/elasticsearch
2017-04-02,168,elastic/elasticsearch
2017-04-09,162,elastic/elasticsearch
2017-04-16,158,elastic/elasticsearch
2017-04-23,149,elastic/elasticsearch
2017-04-30,135,elastic/elasticsearch
2017-05-07,155,elastic/elasticsearch
2017-05-14,164,elastic/elasticsearch
2017-05-21,117,elastic/elasticsearch
2017-05-28,118,elastic/elasticsearch
2017-06-04,140,elastic/elasticsearch
2017-06-11,126,elastic/elasticsearch
2017-06-18,142,elastic/elasticsearch
2017-06-25,158,elastic/elasticsearch
2017-07-02,121,elastic/elasticsearch
2017-07-09,127,elastic/elasticsearch
2017-07-16,132,elastic/elasticsearch
2017-07-23,108,elastic/elasticsearch
2017-07-30,123,elastic/elasticsearch
2017-08-06,86,elastic/elasticsearch
2017-08-13,106,elastic/elasticsearch
2017-08-20,87,elastic/elasticsearch
2017-08-27,83,elastic/elasticsearch
2017-09-03,48,elastic/elasticsearch
2017-09-10,96,elastic/elasticsearch
2017-09-17,108,elastic/elasticsearch
2017-09-24,80,elastic/elasticsearch
2017-10-01,62,elastic/elasticsearch
2017-10-08,91,elastic/elasticsearch
2017-10-15,20,elastic/elasticsearch
2017-10-22,71,elastic/elasticsearch
2017-10-29,97,elastic/elasticsearch
2017-11-05,88,elastic/elasticsearch
2017-11-12,116,elastic/elasticsearch
2017-11-19,119,elastic/elasticsearch
2017-11-26,122,elastic/elasticsearch
2017-12-03,128,elastic/elasticsearch
2017-12-10,99,elastic/elasticsearch
2017-12-17,138,elastic/elasticsearch
2017-12-24,37,elastic/elasticsearch
2017-12-31,62,elastic/elasticsearch
2018-01-07,110,elastic/elasticsearch
2018-01-14,143,elastic/elasticsearch
2018-01-21,159,elastic/elasticsearch
2018-01-28,126,elastic/elasticsearch
2018-02-04,83,elastic/elasticsearch
2018-02-11,100,elastic/elasticsearch
2018-02-18,102,elastic/elasticsearch
2018-02-25,24,elastic/elasticsearch
2018-03-04,52,elastic/elasticsearch
2018-03-11,116,elastic/elasticsearch
2018-03-18,88,elastic/elasticsearch
2018-03-25,79,elastic/elasticsearch
2018-04-01,96,elastic/elasticsearch
2018-04-08,127,elastic/elasticsearch
2018-04-15,126,elastic/elasticsearch
2018-04-22,77,elastic/elasticsearch
2018-04-29,126,elastic/elasticsearch
2018-05-06,100,elastic/elasticsearch
2018-05-13,128,elastic/elasticsearch
2018-05-20,99,elastic/elasticsearch
2018-05-27,98,elastic/elasticsearch
2018-06-03,128,elastic/elasticsearch
2018-06-10,130,elastic/elasticsearch
2018-06-17,99,elastic/elasticsearch
2018-06-24,74,elastic/elasticsearch
2018-07-01,67,elastic/elasticsearch
2018-07-08,85,elastic/elasticsearch
2018-07-15,103,elastic/elasticsearch
2018-07-22,95,elastic/elasticsearch
2018-07-29,108,elastic/elasticsearch
2018-08-05,97,elastic/elasticsearch
2018-08-12,99,elastic/elasticsearch
2018-08-19,124,elastic/elasticsearch
2018-08-26,137,elastic/elasticsearch
2018-09-02,125,elastic/elasticsearch
2018-09-09,122,elastic/elasticsearch
2018-09-16,122,elastic/elasticsearch
2018-09-23,112,elastic/elasticsearch
2018-09-30,100,elastic/elasticsearch
2018-10-07,24,elastic/elasticsearch
2018-10-14,131,elastic/elasticsearch
2018-10-21,155,elastic/elasticsearch
2018-10-28,112,elastic/elasticsearch
2018-11-04,118,elastic/elasticsearch
2018-11-11,105,elastic/elasticsearch
2018-11-18,96,elastic/elasticsearch
2018-11-25,152,elastic/elasticsearch
2018-12-02,139,elastic/elasticsearch
2018-12-09,146,elastic/elasticsearch
2018-12-16,167,elastic/elasticsearch
2018-12-23,23,elastic/elasticsearch
2018-12-30,54,elastic/elasticsearch
2019-01-06,145,elastic/elasticsearch
2019-01-13,124,elastic/elasticsearch
2019-01-20,156,elastic/elasticsearch
2019-01-27,203,elastic/elasticsearch
2019-02-03,113,elastic/elasticsearch
2019-02-10,117,elastic/elasticsearch
2019-02-17,122,elastic/elasticsearch
2019-02-24,98,elastic/elasticsearch
2019-03-03,103,elastic/elasticsearch
2019-03-10,97,elastic/elasticsearch
2019-03-17,121,elastic/elasticsearch
2019-03-24,117,elastic/elasticsearch
2019-03-31,110,elastic/elasticsearch
2019-04-07,113,elastic/elasticsearch
2019-04-14,95,elastic/elasticsearch
2019-04-21,76,elastic/elasticsearch
2019-04-28,80,elastic/elasticsearch
2019-05-05,126,elastic/elasticsearch
2019-05-12,30,elastic/elasticsearch
2019-05-19,151,elastic/elasticsearch
2019-05-26,97,elastic/elasticsearch
2019-06-02,97,elastic/elasticsearch
2019-06-09,110,elastic/elasticsearch
2019-06-16,104,elastic/elasticsearch
2019-06-23,131,elastic/elasticsearch
2019-06-30,113,elastic/elasticsearch
2019-07-07,128,elastic/elasticsearch
2019-07-14,144,elastic/elasticsearch
2019-07-21,115,elastic/elasticsearch
2019-07-28,99,elastic/elasticsearch
2019-08-04,114,elastic/elasticsearch
2019-08-11,145,elastic/elasticsearch
2019-08-18,112,elastic/elasticsearch
2019-08-25,108,elastic/elasticsearch
2019-09-01,98,elastic/elasticsearch
2019-09-08,107,elastic/elasticsearch
2019-09-15,94,elastic/elasticsearch
2019-09-22,133,elastic/elasticsearch
2019-09-29,141,elastic/elasticsearch
2019-10-06,110,elastic/elasticsearch
2019-10-13,102,elastic/elasticsearch
2019-10-20,97,elastic/elasticsearch
2019-10-27,130,elastic/elasticsearch
2019-11-03,25,elastic/elasticsearch
2019-11-10,98,elastic/elasticsearch
2019-11-17,123,elastic/elasticsearch
2019-11-24,69,elastic/elasticsearch
2019-12-01,67,elastic/elasticsearch
2019-12-08,86,elastic/elasticsearch
2019-12-15,99,elastic/elasticsearch
2019-12-22,22,elastic/elasticsearch
2019-12-29,28,elastic/elasticsearch
2020-01-05,124,elastic/elasticsearch
2020-01-12,127,elastic/elasticsearch
2020-01-19,97,elastic/elasticsearch
2020-01-26,133,elastic/elasticsearch
2020-02-02,111,elastic/elasticsearch
2020-02-09,120,elastic/elasticsearch
2020-02-16,98,elastic/elasticsearch
2020-02-23,117,elastic/elasticsearch
2020-03-01,110,elastic/elasticsearch
2020-03-08,117,elastic/elasticsearch
2020-03-15,133,elastic/elasticsearch
2020-03-22,200,elastic/elasticsearch
2020-03-29,148,elastic/elasticsearch
2020-04-05,147,elastic/elasticsearch
2020-04-12,135,elastic/elasticsearch
2020-04-19,133,elastic/elasticsearch
2020-04-26,114,elastic/elasticsearch
2020-05-03,149,elastic/elasticsearch
2020-05-10,159,elastic/elasticsearch
2020-05-17,70,elastic/elasticsearch
2020-05-24,111,elastic/elasticsearch
2020-05-31,103,elastic/elasticsearch
2020-06-07,120,elastic/elasticsearch
2020-06-14,120,elastic/elasticsearch
2020-06-21,99,elastic/elasticsearch
2020-06-28,177,elastic/elasticsearch
2020-07-05,143,elastic/elasticsearch
2020-07-12,194,elastic/elasticsearch
2020-07-19,105,elastic/elasticsearch
2020-07-26,129,elastic/elasticsearch
2020-08-02,104,elastic/elasticsearch
2020-08-09,101,elastic/elasticsearch
2020-08-16,98,elastic/elasticsearch
2020-08-23,98,elastic/elasticsearch
2020-08-30,129,elastic/elasticsearch
2020-09-06,97,elastic/elasticsearch
2020-09-13,166,elastic/elasticsearch
2020-09-20,92,elastic/elasticsearch
2020-09-27,108,elastic/elasticsearch
2020-10-04,126,elastic/elasticsearch
2020-10-11,103,elastic/elasticsearch
2020-10-18,82,elastic/elasticsearch
2020-10-25,113,elastic/elasticsearch
2020-11-01,96,elastic/elasticsearch
2020-11-08,101,elastic/elasticsearch
2020-11-15,105,elastic/elasticsearch
2020-11-22,85,elastic/elasticsearch
2020-11-29,118,elastic/elasticsearch
2020-12-06,107,elastic/elasticsearch
2020-12-13,157,elastic/elasticsearch
2020-12-20,41,elastic/elasticsearch
2020-12-27,16,elastic/elasticsearch
2021-01-03,104,elastic/elasticsearch
2021-01-10,134,elastic/elasticsearch
2021-01-17,86,elastic/elasticsearch
2021-01-24,121,elastic/elasticsearch
2021-01-31,134,elastic/elasticsearch
2021-02-07,119,elastic/elasticsearch
2021-02-14,128,elastic/elasticsearch
2021-02-21,123,elastic/elasticsearch
2021-02-28,129,elastic/elasticsearch
2021-03-07,115,elastic/elasticsearch
2021-03-14,89,elastic/elasticsearch
2021-03-21,142,elastic/elasticsearch
2021-03-28,129,elastic/elasticsearch
2021-04-04,94,elastic/elasticsearch
2021-04-11,110,elastic/elasticsearch
2021-04-18,172,elastic/elasticsearch
2021-04-25,143,elastic/elasticsearch
2021-05-02,98,elastic/elasticsearch
2021-05-09,87,elastic/elasticsearch
2021-05-16,60,elastic/elasticsearch
2021-05-23,87,elastic/elasticsearch
2021-05-30,104,elastic/elasticsearch
2021-06-06,101,elastic/elasticsearch
2021-06-13,111,elastic/elasticsearch
2021-06-20,97,elastic/elasticsearch
2021-06-27,108,elastic/elasticsearch
2021-07-04,115,elastic/elasticsearch
2021-07-11,68,elastic/elasticsearch
2021-07-18,73,elastic/elasticsearch
2021-07-25,98,elastic/elasticsearch
2021-08-01,109,elastic/elasticsearch
2021-08-08,118,elastic/elasticsearch
2021-08-15,94,elastic/elasticsearch
2021-08-22,70,elastic/elasticsearch
2021-08-29,99,elastic/elasticsearch
2021-09-05,110,elastic/elasticsearch
2021-09-12,96,elastic/elasticsearch
2021-09-19,132,elastic/elasticsearch
2021-09-26,108,elastic/elasticsearch
2021-10-03,129,elastic/elasticsearch
2021-10-10,183,elastic/elasticsearch
2021-10-17,152,elastic/elasticsearch
2021-10-24,163,elastic/elasticsearch
2021-10-31,121,elastic/elasticsearch
2021-11-07,74,elastic/elasticsearch
2021-11-14,63,elastic/elasticsearch
2021-11-21,54,elastic/elasticsearch
2021-11-28,85,elastic/elasticsearch
2021-12-05,78,elastic/elasticsearch
2021-12-12,88,elastic/elasticsearch
2021-12-19,44,elastic/elasticsearch
2021-12-26,22,elastic/elasticsearch
2022-01-02,57,elastic/elasticsearch
2022-01-09,99,elastic/elasticsearch
2022-01-16,92,elastic/elasticsearch
2022-01-23,115,elastic/elasticsearch
2022-01-30,103,elastic/elasticsearch
2022-02-06,119,elastic/elasticsearch
2022-02-13,75,elastic/elasticsearch
2022-02-20,78,elastic/elasticsearch
2022-02-27,123,elastic/elasticsearch
2022-03-06,82,elastic/elasticsearch
2022-03-13,99,elastic/elasticsearch
2022-03-20,99,elastic/elasticsearch
2022-03-27,110,elastic/elasticsearch
2022-04-03,24,elastic/elasticsearch
2022-04-10,78,elastic/elasticsearch
2022-04-17,64,elastic/elasticsearch
2022-04-24,93,elastic/elasticsearch
2022-05-01,113,elastic/elasticsearch
2022-05-08,101,elastic/elasticsearch
2022-05-15,102,elastic/elasticsearch
2022-05-22,90,elastic/elasticsearch
2022-05-29,69,elastic/elasticsearch
2022-06-05,86,elastic/elasticsearch
2022-06-12,102,elastic/elasticsearch
2022-06-19,104,elastic/elasticsearch
2022-06-26,89,elastic/elasticsearch
2022-07-03,75,elastic/elasticsearch
2022-07-10,65,elastic/elasticsearch
2022-07-17,83,elastic/elasticsearch
2022-07-24,109,elastic/elasticsearch
2022-07-31,89,elastic/elasticsearch
2022-08-07,72,elastic/elasticsearch
2022-08-14,67,elastic/elasticsearch
2022-08-21,74,elastic/elasticsearch
2022-08-28,63,elastic/elasticsearch
2022-09-04,104,elastic/elasticsearch
2022-09-11,72,elastic/elasticsearch
2022-09-18,78,elastic/elasticsearch
2022-09-25,109,elastic/elasticsearch
2022-10-02,61,elastic/elasticsearch
2022-10-09,131,elastic/elasticsearch
2022-10-16,61,elastic/elasticsearch
2022-10-23,47,elastic/elasticsearch
2022-10-30,93,elastic/elasticsearch
2022-11-06,115,elastic/elasticsearch
2022-11-13,121,elastic/elasticsearch
2022-11-20,94,elastic/elasticsearch
2022-11-27,61,elastic/elasticsearch
2022-12-04,82,elastic/elasticsearch
2022-12-11,96,elastic/elasticsearch
2022-12-18,88,elastic/elasticsearch
2022-12-25,32,elastic/elasticsearch
2023-01-01,57,elastic/elasticsearch
2023-01-08,134,elastic/elasticsearch
2023-01-15,114,elastic/elasticsearch
2023-01-22,168,elastic/elasticsearch
2023-01-29,124,elastic/elasticsearch
2023-02-05,162,elastic/elasticsearch
2023-02-12,92,elastic/elasticsearch
2023-02-19,105,elastic/elasticsearch
2023-02-26,103,elastic/elasticsearch
2023-03-05,115,elastic/elasticsearch
2023-03-12,24,elastic/elasticsearch
2023-03-19,111,elastic/elasticsearch
2023-03-26,170,elastic/elasticsearch
2023-04-02,98,elastic/elasticsearch
2023-04-09,98,elastic/elasticsearch
2023-04-16,172,elastic/elasticsearch
2023-04-23,113,elastic/elasticsearch
2023-04-30,125,elastic/elasticsearch
2023-05-07,110,elastic/elasticsearch
2023-05-14,87,elastic/elasticsearch
2023-05-21,117,elastic/elasticsearch
2023-05-28,100,elastic/elasticsearch
2023-06-04,124,elastic/elasticsearch
2023-06-11,105,elastic/elasticsearch
2023-06-18,114,elastic/elasticsearch
2023-06-25,126,elastic/elasticsearch
2023-07-02,105,elastic/elasticsearch
2023-07-09,134,elastic/elasticsearch
2023-07-16,93,elastic/elasticsearch
2023-07-23,120,elastic/elasticsearch
2023-07-30,116,elastic/elasticsearch
2023-08-06,113,elastic/elasticsearch
2023-08-13,129,elastic/elasticsearch
2023-08-20,153,elastic/elasticsearch
2023-08-27,123,elastic/elasticsearch
2023-09-03,146,elastic/elasticsearch
2023-09-10,110,elastic/elasticsearch
2023-09-17,119,elastic/elasticsearch
2023-09-24,134,elastic/elasticsearch
2023-10-01,184,elastic/elasticsearch
2023-10-08,179,elastic/elasticsearch
2023-10-15,149,elastic/elasticsearch
2023-10-22,139,elastic/elasticsearch
2023-10-29,162,elastic/elasticsearch
2023-11-05,120,elastic/elasticsearch
2023-11-12,169,elastic/elasticsearch
2023-11-19,165,elastic/elasticsearch
2023-11-26,165,elastic/elasticsearch
2023-12-03,149,elastic/elasticsearch
2023-12-10,136,elastic/elasticsearch
2023-12-17,93,elastic/elasticsearch
2023-12-24,47,elastic/elasticsearch
2023-12-31,141,elastic/elasticsearch
2024-01-07,194,elastic/elasticsearch
2024-01-14,113,elastic/elasticsearch
2024-01-21,101,elastic/elasticsearch
2024-01-28,158,elastic/elasticsearch
2024-02-04,145,elastic/elasticsearch
2024-02-11,119,elastic/elasticsearch
2024-02-18,110,elastic/elasticsearch
2024-02-25,34,elastic/elasticsearch
2024-03-03,126,elastic/elasticsearch
2024-03-10,114,elastic/elasticsearch
2024-03-17,156,elastic/elasticsearch
2024-03-24,114,elastic/elasticsearch
2024-03-31,118,elastic/elasticsearch
2024-04-07,136,elastic/elasticsearch
2024-04-14,100,elastic/elasticsearch
2024-04-21,134,elastic/elasticsearch
2024-04-28,146,elastic/elasticsearch
2024-05-05,118,elastic/elasticsearch
2024-05-12,148,elastic/elasticsearch
2024-05-19,131,elastic/elasticsearch
2024-05-26,120,elastic/elasticsearch
2024-06-02,126,elastic/elasticsearch
2024-06-09,113,elastic/elasticsearch
2024-06-16,156,elastic/elasticsearch
2024-06-23,106,elastic/elasticsearch
2024-06-30,218,elastic/elasticsearch
2024-07-07,217,elastic/elasticsearch
2024-07-14,168,elastic/elasticsearch
2024-07-21,115,elastic/elasticsearch
2024-07-28,88,elastic/elasticsearch
2024-08-04,104,elastic/elasticsearch
2024-08-11,81,elastic/elasticsearch
2024-08-18,95,elastic/elasticsearch
2024-08-25,126,elastic/elasticsearch
2024-09-01,114,elastic/elasticsearch
2024-09-08,132,elastic/elasticsearch
2024-09-15,191,elastic/elasticsearch
2024-09-22,186,elastic/elasticsearch
2024-09-29,172,elastic/elasticsearch
2024-10-06,184,elastic/elasticsearch
2024-10-13,178,elastic/elasticsearch
2024-10-20,216,elastic/elasticsearch
2024-10-27,162,elastic/elasticsearch
2024-11-03,170,elastic/elasticsearch
2024-11-10,121,elastic/elasticsearch
2024-11-17,202,elastic/elasticsearch
2024-11-24,130,elastic/elasticsearch
2024-12-01,161,elastic/elasticsearch
2024-12-08,187,elastic/elasticsearch
2024-12-15,161,elastic/elasticsearch
2024-12-22,63,elastic/elasticsearch
2024-12-29,65,elastic/elasticsearch
2025-01-05,177,elastic/elasticsearch
2025-01-12,150,elastic/elasticsearch
2025-01-19,172,elastic/elasticsearch
2025-01-26,247,elastic/elasticsearch
2025-02-02,198,elastic/elasticsearch
2025-02-09,192,elastic/elasticsearch
2025-02-16,166,elastic/elasticsearch
2025-02-23,153,elastic/elasticsearch
2025-03-02,166,elastic/elasticsearch
2025-03-09,127,elastic/elasticsearch
2025-03-16,123,elastic/elasticsearch
2025-03-23,130,elastic/elasticsearch
2025-03-30,151,elastic/elasticsearch
2025-04-06,125,elastic/elasticsearch
2025-04-13,128,elastic/elasticsearch
2025-04-20,32,elastic/elasticsearch
2019-06-09,6,milvus-io/pymilvus
2019-06-16,50,milvus-io/pymilvus
2019-06-23,39,milvus-io/pymilvus
2019-06-30,41,milvus-io/pymilvus
2019-07-07,35,milvus-io/pymilvus
2019-07-14,15,milvus-io/pymilvus
2019-07-21,0,milvus-io/pymilvus
2019-07-28,0,milvus-io/pymilvus
2019-08-04,0,milvus-io/pymilvus
2019-08-11,0,milvus-io/pymilvus
2019-08-18,0,milvus-io/pymilvus
2019-08-25,0,milvus-io/pymilvus
2019-09-01,0,milvus-io/pymilvus
2019-09-08,1,milvus-io/pymilvus
2019-09-15,0,milvus-io/pymilvus
2019-09-22,0,milvus-io/pymilvus
2019-09-29,0,milvus-io/pymilvus
2019-10-06,8,milvus-io/pymilvus
2019-10-13,0,milvus-io/pymilvus
2019-10-20,1,milvus-io/pymilvus
2019-10-27,0,milvus-io/pymilvus
2019-11-03,0,milvus-io/pymilvus
2019-11-10,1,milvus-io/pymilvus
2019-11-17,0,milvus-io/pymilvus
2019-11-24,0,milvus-io/pymilvus
2019-12-01,0,milvus-io/pymilvus
2019-12-08,0,milvus-io/pymilvus
2019-12-15,0,milvus-io/pymilvus
2019-12-22,0,milvus-io/pymilvus
2019-12-29,0,milvus-io/pymilvus
2020-01-05,0,milvus-io/pymilvus
2020-01-12,1,milvus-io/pymilvus
2020-01-19,0,milvus-io/pymilvus
2020-01-26,0,milvus-io/pymilvus
2020-02-02,2,milvus-io/pymilvus
2020-02-09,0,milvus-io/pymilvus
2020-02-16,3,milvus-io/pymilvus
2020-02-23,1,milvus-io/pymilvus
2020-03-01,1,milvus-io/pymilvus
2020-03-08,7,milvus-io/pymilvus
2020-03-15,0,milvus-io/pymilvus
2020-03-22,1,milvus-io/pymilvus
2020-03-29,1,milvus-io/pymilvus
2020-04-05,0,milvus-io/pymilvus
2020-04-12,0,milvus-io/pymilvus
2020-04-19,0,milvus-io/pymilvus
2020-04-26,0,milvus-io/pymilvus
2020-05-03,0,milvus-io/pymilvus
2020-05-10,1,milvus-io/pymilvus
2020-05-17,0,milvus-io/pymilvus
2020-05-24,3,milvus-io/pymilvus
2020-05-31,0,milvus-io/pymilvus
2020-06-07,1,milvus-io/pymilvus
2020-06-14,0,milvus-io/pymilvus
2020-06-21,0,milvus-io/pymilvus
2020-06-28,0,milvus-io/pymilvus
2020-07-05,1,milvus-io/pymilvus
2020-07-12,0,milvus-io/pymilvus
2020-07-19,1,milvus-io/pymilvus
2020-07-26,0,milvus-io/pymilvus
2020-08-02,0,milvus-io/pymilvus
2020-08-09,0,milvus-io/pymilvus
2020-08-16,0,milvus-io/pymilvus
2020-08-23,0,milvus-io/pymilvus
2020-08-30,1,milvus-io/pymilvus
2020-09-06,0,milvus-io/pymilvus
2020-09-13,0,milvus-io/pymilvus
2020-09-20,0,milvus-io/pymilvus
2020-09-27,0,milvus-io/pymilvus
2020-10-04,0,milvus-io/pymilvus
2020-10-11,0,milvus-io/pymilvus
2020-10-18,0,milvus-io/pymilvus
2020-10-25,0,milvus-io/pymilvus
2020-11-01,0,milvus-io/pymilvus
2020-11-08,0,milvus-io/pymilvus
2020-11-15,0,milvus-io/pymilvus
2020-11-22,0,milvus-io/pymilvus
2020-11-29,0,milvus-io/pymilvus
2020-12-06,0,milvus-io/pymilvus
2020-12-13,0,milvus-io/pymilvus
2020-12-20,0,milvus-io/pymilvus
2020-12-27,0,milvus-io/pymilvus
2021-01-03,0,milvus-io/pymilvus
2021-01-10,0,milvus-io/pymilvus
2021-01-17,2,milvus-io/pymilvus
2021-01-24,0,milvus-io/pymilvus
2021-01-31,0,milvus-io/pymilvus
2021-02-07,1,milvus-io/pymilvus
2021-02-14,2,milvus-io/pymilvus
2021-02-21,3,milvus-io/pymilvus
2021-02-28,0,milvus-io/pymilvus
2021-03-07,11,milvus-io/pymilvus
2021-03-14,0,milvus-io/pymilvus
2021-03-21,0,milvus-io/pymilvus
2021-03-28,0,milvus-io/pymilvus
2021-04-04,0,milvus-io/pymilvus
2021-04-11,3,milvus-io/pymilvus
2021-04-18,26,milvus-io/pymilvus
2021-04-25,42,milvus-io/pymilvus
2021-05-02,10,milvus-io/pymilvus
2021-05-09,8,milvus-io/pymilvus
2021-05-16,7,milvus-io/pymilvus
2021-05-23,9,milvus-io/pymilvus
2021-05-30,21,milvus-io/pymilvus
2021-06-06,9,milvus-io/pymilvus
2021-06-13,13,milvus-io/pymilvus
2021-06-20,26,milvus-io/pymilvus
2021-06-27,21,milvus-io/pymilvus
2021-07-04,12,milvus-io/pymilvus
2021-07-11,11,milvus-io/pymilvus
2021-07-18,2,milvus-io/pymilvus
2021-07-25,7,milvus-io/pymilvus
2021-08-01,4,milvus-io/pymilvus
2021-08-08,1,milvus-io/pymilvus
2021-08-15,17,milvus-io/pymilvus
2021-08-22,9,milvus-io/pymilvus
2021-08-29,4,milvus-io/pymilvus
2021-09-05,8,milvus-io/pymilvus
2021-09-12,10,milvus-io/pymilvus
2021-09-19,1,milvus-io/pymilvus
2021-09-26,9,milvus-io/pymilvus
2021-10-03,0,milvus-io/pymilvus
2021-10-10,3,milvus-io/pymilvus
2021-10-17,7,milvus-io/pymilvus
2021-10-24,9,milvus-io/pymilvus
2021-10-31,3,milvus-io/pymilvus
2021-11-07,3,milvus-io/pymilvus
2021-11-14,5,milvus-io/pymilvus
2021-11-21,6,milvus-io/pymilvus
2021-11-28,3,milvus-io/pymilvus
2021-12-05,0,milvus-io/pymilvus
2021-12-12,1,milvus-io/pymilvus
2021-12-19,3,milvus-io/pymilvus
2021-12-26,3,milvus-io/pymilvus
2022-01-02,1,milvus-io/pymilvus
2022-01-09,4,milvus-io/pymilvus
2022-01-16,6,milvus-io/pymilvus
2022-01-23,4,milvus-io/pymilvus
2022-01-30,0,milvus-io/pymilvus
2022-02-06,3,milvus-io/pymilvus
2022-02-13,2,milvus-io/pymilvus
2022-02-20,7,milvus-io/pymilvus
2022-02-27,0,milvus-io/pymilvus
2022-03-06,0,milvus-io/pymilvus
2022-03-13,0,milvus-io/pymilvus
2022-03-20,5,milvus-io/pymilvus
2022-03-27,6,milvus-io/pymilvus
2022-04-03,3,milvus-io/pymilvus
2022-04-10,4,milvus-io/pymilvus
2022-04-17,7,milvus-io/pymilvus
2022-04-24,9,milvus-io/pymilvus
2022-05-01,11,milvus-io/pymilvus
2022-05-08,7,milvus-io/pymilvus
2022-05-15,5,milvus-io/pymilvus
2022-05-22,5,milvus-io/pymilvus
2022-05-29,0,milvus-io/pymilvus
2022-06-05,3,milvus-io/pymilvus
2022-06-12,11,milvus-io/pymilvus
2022-06-19,8,milvus-io/pymilvus
2022-06-26,4,milvus-io/pymilvus
2022-07-03,6,milvus-io/pymilvus
2022-07-10,3,milvus-io/pymilvus
2022-07-17,2,milvus-io/pymilvus
2022-07-24,3,milvus-io/pymilvus
2022-07-31,2,milvus-io/pymilvus
2022-08-07,3,milvus-io/pymilvus
2022-08-14,11,milvus-io/pymilvus
2022-08-21,4,milvus-io/pymilvus
2022-08-28,3,milvus-io/pymilvus
2022-09-04,4,milvus-io/pymilvus
2022-09-11,1,milvus-io/pymilvus
2022-09-18,2,milvus-io/pymilvus
2022-09-25,7,milvus-io/pymilvus
2022-10-02,0,milvus-io/pymilvus
2022-10-09,5,milvus-io/pymilvus
2022-10-16,16,milvus-io/pymilvus
2022-10-23,7,milvus-io/pymilvus
2022-10-30,3,milvus-io/pymilvus
2022-11-06,3,milvus-io/pymilvus
2022-11-13,6,milvus-io/pymilvus
2022-11-20,7,milvus-io/pymilvus
2022-11-27,0,milvus-io/pymilvus
2022-12-04,4,milvus-io/pymilvus
2022-12-11,2,milvus-io/pymilvus
2022-12-18,0,milvus-io/pymilvus
2022-12-25,0,milvus-io/pymilvus
2023-01-01,0,milvus-io/pymilvus
2023-01-08,2,milvus-io/pymilvus
2023-01-15,2,milvus-io/pymilvus
2023-01-22,0,milvus-io/pymilvus
2023-01-29,5,milvus-io/pymilvus
2023-02-05,4,milvus-io/pymilvus
2023-02-12,4,milvus-io/pymilvus
2023-02-19,6,milvus-io/pymilvus
2023-02-26,1,milvus-io/pymilvus
2023-03-05,2,milvus-io/pymilvus
2023-03-12,1,milvus-io/pymilvus
2023-03-19,1,milvus-io/pymilvus
2023-03-26,3,milvus-io/pymilvus
2023-04-02,3,milvus-io/pymilvus
2023-04-09,0,milvus-io/pymilvus
2023-04-16,9,milvus-io/pymilvus
2023-04-23,7,milvus-io/pymilvus
2023-04-30,1,milvus-io/pymilvus
2023-05-07,4,milvus-io/pymilvus
2023-05-14,13,milvus-io/pymilvus
2023-05-21,8,milvus-io/pymilvus
2023-05-28,21,milvus-io/pymilvus
2023-06-04,3,milvus-io/pymilvus
2023-06-11,5,milvus-io/pymilvus
2023-06-18,4,milvus-io/pymilvus
2023-06-25,6,milvus-io/pymilvus
2023-07-02,1,milvus-io/pymilvus
2023-07-09,9,milvus-io/pymilvus
2023-07-16,8,milvus-io/pymilvus
2023-07-23,6,milvus-io/pymilvus
2023-07-30,4,milvus-io/pymilvus
2023-08-06,2,milvus-io/pymilvus
2023-08-13,4,milvus-io/pymilvus
2023-08-20,8,milvus-io/pymilvus
2023-08-27,0,milvus-io/pymilvus
2023-09-03,5,milvus-io/pymilvus
2023-09-10,7,milvus-io/pymilvus
2023-09-17,4,milvus-io/pymilvus
2023-09-24,4,milvus-io/pymilvus
2023-10-01,0,milvus-io/pymilvus
2023-10-08,1,milvus-io/pymilvus
2023-10-15,8,milvus-io/pymilvus
2023-10-22,9,milvus-io/pymilvus
2023-10-29,4,milvus-io/pymilvus
2023-11-05,5,milvus-io/pymilvus
2023-11-12,0,milvus-io/pymilvus
2023-11-19,3,milvus-io/pymilvus
2023-11-26,3,milvus-io/pymilvus
2023-12-03,3,milvus-io/pymilvus
2023-12-10,1,milvus-io/pymilvus
2023-12-17,5,milvus-io/pymilvus
2023-12-24,6,milvus-io/pymilvus
2023-12-31,3,milvus-io/pymilvus
2024-01-07,4,milvus-io/pymilvus
2024-01-14,4,milvus-io/pymilvus
2024-01-21,2,milvus-io/pymilvus
2024-01-28,2,milvus-io/pymilvus
2024-02-04,7,milvus-io/pymilvus
2024-02-11,0,milvus-io/pymilvus
2024-02-18,1,milvus-io/pymilvus
2024-02-25,4,milvus-io/pymilvus
2024-03-03,9,milvus-io/pymilvus
2024-03-10,8,milvus-io/pymilvus
2024-03-17,15,milvus-io/pymilvus
2024-03-24,0,milvus-io/pymilvus
2024-03-31,1,milvus-io/pymilvus
2024-04-07,8,milvus-io/pymilvus
2024-04-14,2,milvus-io/pymilvus
2024-04-21,3,milvus-io/pymilvus
2024-04-28,1,milvus-io/pymilvus
2024-05-05,7,milvus-io/pymilvus
2024-05-12,6,milvus-io/pymilvus
2024-05-19,0,milvus-io/pymilvus
2024-05-26,1,milvus-io/pymilvus
2024-06-02,3,milvus-io/pymilvus
2024-06-09,4,milvus-io/pymilvus
2024-06-16,3,milvus-io/pymilvus
2024-06-23,5,milvus-io/pymilvus
2024-06-30,3,milvus-io/pymilvus
2024-07-07,2,milvus-io/pymilvus
2024-07-14,1,milvus-io/pymilvus
2024-07-21,6,milvus-io/pymilvus
2024-07-28,1,milvus-io/pymilvus
2024-08-04,2,milvus-io/pymilvus
2024-08-11,4,milvus-io/pymilvus
2024-08-18,0,milvus-io/pymilvus
2024-08-25,4,milvus-io/pymilvus
2024-09-01,4,milvus-io/pymilvus
2024-09-08,2,milvus-io/pymilvus
2024-09-15,0,milvus-io/pymilvus
2024-09-22,1,milvus-io/pymilvus
2024-09-29,0,milvus-io/pymilvus
2024-10-06,13,milvus-io/pymilvus
2024-10-13,3,milvus-io/pymilvus
2024-10-20,6,milvus-io/pymilvus
2024-10-27,1,milvus-io/pymilvus
2024-11-03,10,milvus-io/pymilvus
2024-11-10,4,milvus-io/pymilvus
2024-11-17,5,milvus-io/pymilvus
2024-11-24,10,milvus-io/pymilvus
2024-12-01,7,milvus-io/pymilvus
2024-12-08,11,milvus-io/pymilvus
2024-12-15,11,milvus-io/pymilvus
2024-12-22,8,milvus-io/pymilvus
2024-12-29,9,milvus-io/pymilvus
2025-01-05,2,milvus-io/pymilvus
2025-01-12,7,milvus-io/pymilvus
2025-01-19,6,milvus-io/pymilvus
2025-01-26,0,milvus-io/pymilvus
2025-02-02,3,milvus-io/pymilvus
2025-02-09,7,milvus-io/pymilvus
2025-02-16,6,milvus-io/pymilvus
2025-02-23,1,milvus-io/pymilvus
2025-03-02,3,milvus-io/pymilvus
2025-03-09,2,milvus-io/pymilvus
2025-03-16,2,milvus-io/pymilvus
2025-03-23,3,milvus-io/pymilvus
2025-03-30,2,milvus-io/pymilvus
2025-04-06,2,milvus-io/pymilvus
2025-04-13,6,milvus-io/pymilvus
2025-04-20,4,milvus-io/pymilvus
